File_Name,Tempo,Chroma_STFT_Mean,Spectral_Centroid_Mean
(((IEMN))) Salt Tank - Pacific Diva Eugina - Internal 1994 - Trance Techno,132.51201923076923,0.5043743,2609.7074682894713
Early Years (Terence Terry Remix),126.04801829268293,0.6317671,2776.043771962533
DJulz - Timeless Bass,126.04801829268293,0.55571824,2121.1726667500525
Cant Get You out of My Head (Peggy Gou’s Midnight Remix),126.04801829268293,0.5081979,2952.9324818892337
Dj Void - Air Rays Love [PL002],126.04801829268293,0.6587871,2121.593711753015
