File_Name,Tempo,Chroma_STFT_Mean,Spectral_Centroid_Mean
(((IEMN))) Salt Tank - Pacific Diva Eugina - Internal 1994 - Trance Techno,133.82196044921875,0.5043743,2609.7074682894713
Early Years (Terence Terry Remix),127.01392364501953,0.6317671,2776.043771962533
DJulz - Timeless Bass,124.83343505859375,0.55571824,2121.1726667500525
Cant Get You out of My Head (Peggy Gou’s Midnight Remix),126.00569152832031,0.5081979,2952.9324818892337
Dj Void - Air Rays Love [PL002],127.0126724243164,0.6587871,2121.593711753015
